{"eval/runtime": 0.0043, "eval/samples_per_second": 0.0, "eval/steps_per_second": 0.0, "train/epoch": 5.0, "train/global_step": 125, "_timestamp": 1682134452.4951422, "_runtime": 104.60279631614685, "_step": 6, "train/train_runtime": 92.2114, "train/train_samples_per_second": 20.876, "train/train_steps_per_second": 1.356, "train/total_flos": 1389707925798912.0, "train/train_loss": 0.6281168823242187, "_wandb": {"runtime": 528}}